Video_Title,Main_Headline,Body_Quote,Source_Citation,Resource_1,Resource_2,Call_To_Action
Movember Mental Health & Physical Health,Your mind and body are connected,"Movember UK says: 'Seeking support is a sign of strength, not weakness. We work towards a world where men will take action to improve their mental health before reaching breaking point.'",Movember UK 2024,mindout.org.uk,blackmindsmatteruk.com,Move this Movember - Care for your whole self
Movember Fitness & Movement,Movement is medicine,"Movember's 'Move for Mental Health' campaign: 'Run or walk 60km over November.' Find exercise that brings you joy: dance, football, gym, yoga, walking.",Movember UK 2024,uk.movember.com,blkoutuk.com,Move this Movember - Get active
Movember Nutrition & Nourishment,Food is fuel and pleasure,"Balanced nutrition supports mental health, energy, and immunity. Nourish yourself well.",BLKOUT Health 2025,blkoutuk.com,menrus.co.uk,Move this Movember - Eat well
Movember Sleep Hygiene,Rest is revolutionary,"Quality sleep affects everything: mood, immunity, heart health, weight. Aim for 7-9 hours.",BLKOUT Health 2025,blkoutuk.com,uk.movember.com,Move this Movember - Sleep well
Movember Addiction & Recovery,Recovery is possible,"Substance use doesn't define you. Support is available. You deserve healing.",NHS 2025,0300 123 1110,londonfriend.org.uk/antidote,Move this Movember - Seek support
Movember Therapy for Black Men,Find culturally competent care,"Black Minds Matter UK: 'We connect Black individuals with free therapy (up to 10 sessions) delivered by qualified Black therapists.'",Black Minds Matter UK 2024,blackmindsmatteruk.com,mindout.org.uk,Move this Movember - Access therapy
Movember Depression in Men,Recognize the signs,"Movember UK statistics: '3 out of 4 UK suicides are by men. More than 13 men take their own lives every day.' Depression often shows as anger or irritability.",Movember UK 2024,uk.movember.com,116 123 (Samaritans),Move this Movember - Treatment works
Movember Anxiety Management,Manage your anxiety,"Living while Black and queer comes with daily anxiety. Breathing exercises, grounding, therapy, medication - all valid tools.",BLKOUT Health 2025,mindout.org.uk,blackmindsmatteruk.com,Move this Movember - Find calm
Movember Suicide Prevention,You matter. You're not alone,"Movember UK: 'Suicide is the biggest killer of men under 50.' Samaritans approach: 'ASK, LISTEN, ENCOURAGE ACTION and CHECK IN'",Movember UK / Samaritans 2024,116 123 (Samaritans),Text SHOUT to 85258,Move this Movember - Reach out
Movember Masculinity & Emotions,Redefine strength,"Movember UK research: '64% of men wait more than a week with symptoms before seeing a doctor. 31% wait over a month.' Asking for help is courage.",Movember UK 2024,uk.movember.com,116 123 (Samaritans),Move this Movember - Be vulnerable
Movember Trauma-Informed Care,Heal from trauma,"Racism, homophobia, transphobia cause trauma. PTSD is real. Trauma-informed therapy helps heal. You deserve to process pain.",BLKOUT Health 2025,blackmindsmatteruk.com,mindout.org.uk,Move this Movember - Get support
Movember Loneliness Epidemic,Connect with community,"Loneliness harms physical health. Community connection is healthcare. Reach out.",BLKOUT Health 2025,lgbt.foundation,mindout.org.uk,Move this Movember - Build connections
Movember Anger as a Symptom,Process emotions healthily,"Persistent anger can signal depression or trauma. It's okay to feel angry. It's important to process it healthily.",BLKOUT Health 2025,uk.movember.com,blackmindsmatteruk.com,Move this Movember - Express yourself
Movember ADHD & Neurodivergence,Your brain is valid,"ADHD, autism, dyslexia are underdiagnosed in Black men. Diagnosis opens doors to support.",BLKOUT Health 2025,Talk to your GP,mindout.org.uk,Move this Movember - Get assessed
Movember Seasonal Affective Disorder,You're not imagining it,"UK winters are dark. SAD affects mood, energy, sleep. Light therapy, vitamin D, therapy help.",BLKOUT Health 2025,Talk to GP,mindout.org.uk,Move this Movember - Seek treatment
Movember Consent & Communication,Respect is essential,"Consent is ongoing, enthusiastic, and can be withdrawn anytime. Communication is sexy. Respect is essential.",BLKOUT Health 2025,lgbt.foundation,0800 999 5428 (Galop),Move this Movember - Communicate clearly
Movember MPOX Awareness,Get vaccinated,"MPOX vaccine available free on NHS for eligible people. Protect yourself and community.",NHS 2025,56deanstreet.nhs.uk,tht.org.uk,Move this Movember - Book vaccination
Movember Chemsex & Harm Reduction,Harm reduction saves lives,"Chemsex carries risks. Harm reduction: hydration, dosage awareness, never alone, naloxone access.",CNWL 2025,020 3315 6111,dean.st/chems,Move this Movember - Stay safe
Movember Relationship Health,Build healthy relationships,"Healthy relationships require: communication, boundaries, respect, autonomy, trust. Abuse happens in queer relationships too.",BLKOUT Health 2025,0800 999 5428 (Galop),lgbt.foundation,Move this Movember - Set boundaries
Movember Sex Positivity & Safety,Pleasure + safety coexist,"Terrence Higgins Trust campaign: 'Can't Pass It On - People on HIV treatment cannot pass it on during sex.' Test - Treat - Protect.",Terrence Higgins Trust 2024,tht.org.uk,56deanstreet.nhs.uk,Move this Movember - Get tested
Movember Body Image & Intimacy,You are desirable,"Your body deserves pleasure exactly as it is. Diet culture, fatphobia, and racism harm intimacy.",BLKOUT Health 2025,blackmindsmatteruk.com,mindout.org.uk,Move this Movember - Love yourself
Movember Open Relationships,Define your own love,"Ethical non-monogamy requires communication, boundaries, honesty. There's no one right way to love.",BLKOUT Health 2025,lgbt.foundation,56deanstreet.nhs.uk,Move this Movember - Be ethical
Movember Sexual Dysfunction,No shame in seeking help,"ED, premature ejaculation, low libido - all common, all treatable. Talk to your GP or sexual health clinic.",NHS 2025,56deanstreet.nhs.uk,cliniq.org.uk,Move this Movember - Get help
Movember Sex Education,Educate yourself,"MEN R US (menrus.co.uk): 'An approachable and comprehensive directory to gay men's health.' Sex education failed queer people. Knowledge is power and pleasure.",MEN R US 2025,menrus.co.uk,gmfa.org.uk,Move this Movember - Learn more
